brand_tag,products
roadster,585
mast--harbour,346
dressberry,290
herenow,289
max,287
hm,272
hrx-by-hrithik-roshan,269
anouk,265
urbanic,219
mango,217
puma,205
tokyo-talkies,182
jack--jones,172
allen-solly,172
flying-machine,169
highlander,157
jc-collection,155
louis-philippe,152
van-heusen,152
vero-moda,150
wrogn,146
biba,134
united-colors-of-benetton,131
trendyol,129
indo-era,126
mochi,123
forever-21,121
vishudh,121
sassafras,118
only,116
v-mart,116
house-of-pataudi,111
tommy-hilfiger,107
marks--spencer,106
baggit,105
bostreet,103
us-polo-assn,103
zivame,98
jockey,98
metro,94
sangria,91
louis-philippe-sport,88
soch,88
kalini,87
street-9,87
pepe-jeans,85
20dresses,76
carlton-london,76
moda-rapido,76
bata,74
ajile-by-pantaloons,72
kook-n-keech,71
varanga,70
w,69
blackberrys,68
hidesign,67
ether,65
lavie,64
louis-philippe-jeans,63
etc,62
campus,62
mitera,61
taavi,61
spykar,60
shoetopia,60
park-avenue,59
all-about-you,58
peter-england-casuals,57
sztori,55
harvard,55
zola,54
caprese,54
pantaloons-junior,53
invictus,53
duke,52
levis,52
athena,51
pothys,51
us-polo-assn-denim-co,51
freesoul,49
yk,49
suta,49
inddus,49
ishin,47
peter-england,47
allen-solly-woman,46
pluss,46
rare-rabbit,46
shezone,46
the-indian-garage-co,46
clovia,45
janasya,44
enamor,44
shae-by-sassafras,44
people,43
i-saw-it-first,43
fablestreet,43
us-polo-assn-kids,43
libas,42
campus-sutra,41
french-connection,41
perfect-wear,40
american-eagle-outfitters,40
arrow,40
forever-glam-by-pantaloons,40
cortina,40
van-heusen-sport,40
allen-solly-sport,40
sweet-dreams,39
damensch,39
byford-by-pantaloons,39
wildcraft,38
global-desi,38
rubans,38
locomotive,38
berrylush,38
greenfibre,37
red-tape,37
dreamz-by-pantaloons,37
jade-blue,37
yellow-chimes,37
fausto,37
aura,37
hancock,37
chemistry,37
elle,36
fleximaa,36
allen-solly-junior,36
zapatoz,36
van-heusen-woman,35
rangmanch-by-pantaloons,35
under-armour,35
walkway,35
oxxo,35
floret,34
juniper,34
storyhome,34
uth-by-roadster,34
rosaline-by-zivame,34
guess,34
bacca-bucci,33
fossil,33
shoexpress,33
zink-london,33
aeropostale,33
slazenger,33
bebe,33
imara,32
lino-perros,32
clora-creation,32
okane,31
kassually,31
being-human,31
accessorize,31
harpa,31
indian-terrain,30
rocia,30
uf,30
xyxx,30
abof,29
fastrack,29
monte-carlo,29
marc-loire,29
zalora-work,29
ahika,28
saree-mall,28
revolution,27
vastramay,27
the-souled-store,27
anthrilo,27
reebok,27
amante,27
ahalyaa,26
huetrap,26
go-colors,26
single,26
veni-vidi-vici,26
tag-7,26
fabindia,26
jaipur-kurti,26
showoff,26
khadims,26
woodland,26
divena,25
fabbmate,25
arrow-sport,25
dillinger,25
carlton-london-sports,25
ginger-by-lifestyle,24
home-sizzler,24
miss-chase,24
jompers,24
bewakoof,24
nike,24
mufti,24
defacto,24
titan,24
aurelia,24
corsica,24
eridani,23
lakme,23
goldstroms,23
and,23
the-bear-house,23
fila,23
gini-and-jony,23
ketch,23
jainish,23
ducati,23
anubhutee,23
zalora-basics,23
de-moza,22
ethnovogue,22
high-star,22
anayna,22
triumph,22
akkriti-by-pantaloons,22
valiosaa,22
peter-england-elite,22
kisah,22
mini-klub,22
manyavar,22
denill,22
zaveri-pearls,21
ziyaa,21
off-limits,21
mango-man,21
kryptic,21
da-milano,20
action,20
ed-a-mamma,20
yash-gallery,20
code-by-lifestyle,20
melange-by-lifestyle,20
yufta,20
cantabil,20
hubberholme,20
priyaasi,20
hellcat,20
asian,20
her-by-invictus,20
inweave,20
adidas,20
van-heusen-flex,20
sir-corbett,20
rigo,19
casio,19
skechers,19
wow-skin-science,19
john-karsun,19
v-dot,19
prettycat,19
liberty,19
van-heusen-denim-labs,19
zalora-active,19
el-paso,19
hush-puppies,19
kappa,19
iconics,19
nayo,18
fame-forever-by-lifestyle,18
deyann,18
beat-london-by-pepe-jeans,18
ramraj-cotton,18
yuris,18
deebaco,18
hangup,18
rare,18
sojanya,18
free-authority,18
nautica,18
louis-stitch,18
mutaqinoti,18
old-grey,18
scorpius,18
alishtezia,18
style-quotient,18
sparx,18
freakins,18
wrogn-active,17
readiprint-fashions,17
mod--shy,17
kastner,17
hopscotch,17
ode-by-house-of-pataudi,17
kendall--kylie,17
fentacia,17
marie-claire,17
faces-canada,17
proline-active,17
rangriti,17
stylo-bug,17
home-centre,17
red-chief,17
selected,17
urban-scottish,17
alcis,16
cavallo-by-linen-club,16
naughty-ninos,16
xe-looks,16
romee,16
adda,16
teakwood-leathers,16
bannos-swagger,16
mayra,16
bhama-couture,16
mac,16
cutecumber,16
mh-easy,16
faballey,16
mamaearth,16
kalt,16
difference-of-opinion,16
gerua,16
raymond,16
cherry-crumble,15
nivea,15
indian-dobby,15
yk-disney,15
dennison,15
homesake,15
patrorna,15
la-zoire,15
pantaloons-baby,15
mohanlal-sons,15
ayaany,15
puma-motorsport,15
timex,15
bombay-dyeing,15
myshka,15
kazarmax,15
klotthe,14
label-ritu-kumar,14
disrupt,14
rareism,14
beebelle,14
kleat,14
celio,14
bitterlime,14
kazo,14
nohvoh---sassafras-kids,14
calvadoss,14
simon-carter-london,14
salwar-studio,14
rajasthan-decor,14
arrabi,14
one8-x-puma,14
kook-n-keech-marvel,14
kraus-jeans,14
spaces,14
afrojack,14
forever-new,13
bitiya-by-bhama,13
ruggers,13
florida,13
amydus,13
cutiekins,13
bumzee,13
london-rag,13
globus,13
rodamo,13
flat-n-heels,13
vbuyz,13
bossini,13
antheaa,13
fashion-colour,13
power,13
the-kaftan-company,13
provogue,13
maybell,13
madame,13
woakers,13
delize,13
sonata,13
mh-juniors,13
bodycare-kids,13
tinted,13
street-armor-by-pantaloons,13
dolce-crudo,12
crimsoune-club,12
homefab-india,12
beatitude,12
indya,12
prakrti,12
zeyo,12
ajmal,12
extra-love-by-libas,12
bigbanana,12
karigari,12
nr-by-nidhi-rathi,12
chkokko,12
asics,12
forest-essentials,12
unnati-silks,12
id,12
friskers,12
tikhi-imli,12
wintage,12
hypernation,12
london-steps,12
rute,12
m7-by-metronaut,12
mrwonker,12
deas,12
armani-exchange,12
sugar,12
vastrado,12
art-street,11
richlook,11
jolie-robe,11
xtep,11
just-wow,11
aarke-ritu-kumar,11
raymond-home,11
impakto,11
sanwara,11
ad--av,11
swagg-india,11
vastranand,11
panit,11
smarty-pants,11
miaz-lifestyle,11
fraternity,11
crocodile,11
fashion-basket,11
bianca,11
ritu-kumar,11
pampy-angel,11
kvsfab,11
plum,11
luxure-by-louis-philippe,11
honey-by-pantaloons,11
mr-bowerbird,11
ivoc,11
safyr,11
rubeezz,11
indus-route-by-pantaloons,11
louis-philippe-athwork,11
yuuki,11
mengler,11
monrow,11
veirdo,11
domyos-by-decathlon,11
hritika,11
kama-ayurveda,11
chumbak,11
big-fox,11
bella-toes,11
bucik,11
refoam,11
lois-caron,10
jmp,10
daniel-klein,10
outlaws,10
chhabra-555,10
sapper,10
dchica,10
9shines-label,10
alberto-moreno,10
na-kd,10
wacoal,10
souminie,10
kuber-industries,10
ami,10
the-vanca,10
forclaz-by-decathlon,10
mothercare,10
da-intimo,10
flambeur,10
popnetic,10
saaki,10
anvi-be-yourself,10
origin-by-zalora,10
aircase,10
toms,10
claura,10
mylo-essentials,10
jump-usa,10
pspeaches,10
mh-our-water,10
kimayra,10
mcaffeine,10
mactree,10
get-glamr,10
mystere-paris,10
quechua-by-decathlon,10
tales--stories,10
laabha,10
giordano,10
the-body-shop,10
fashion-victim,10
miraggio,10
the-dry-state,10
loreal,10
van-heusen-academy,10
allen-solly-tribe,10
kaajh,10
mode-by-red-tape,10
odette,10
crusset,9
kalenji-by-decathlon,9
elevanto,9
gracit,9
aarika,9
lebami,9
tailor--circus,9
wonderchef,9
esbeda,9
bath--body-works,9
stylum,9
excalibur,9
oxolloxo,9
trend-arrest,9
benstoke,9
fashor,9
pretty-awesome,9
giva,9
cottinfab,9
clymb,9
twin-toes,9
voyage,9
anekaant,9
aapno-rajasthan,9
lee,9
zalora-occasion,9
furo-by-red-chief,9
azzaro-black,9
stylestone,9
ckm,9
maybelline,9
dupatta-bazaar,9
the-mom-store,9
edrio,9
sera,9
panash,9
bower,9
alaya-by-stage3,9
scholl,8
daisie,8
urbano-fashion,8
bushirt,8
alberto-torresi,8
mbeautiful,8
hummel,8
urban-ranger-by-pantaloons,8
maniac,8
annabelle-by-pantaloons,8
divine-casa,8
crocs,8
kipek,8
camey,8
colorplus,8
f-gear,8
zalio,8
labham,8
nauti-nati,8
truffle-collection,8
shaye,8
crew-street,8
superminis,8
charukriti,8
goodhomes,8
gritstones,8
cello,8
calvin-klein,8
leather-retail,8
twin-birds,8
ddecor,8
momtobe,8
river-of-design-jeans,8
aqualite,8
shaftesbury-london,8
neerus,8
la-verne,8
v-tradition,8
lancer,8
kushals-fashion-jewellery,8
saraf-rs-jewellery,8
poppi,8
habere-india,8
picktoes,8
lee-cooper,8
vemante,8
eavan,8
trident,8
swtantra,8
wildhorn,7
youbella,7
tied-ribbons,7
cultsport,7
saubhagya,7
emmyrobe,7
polo-ralph-lauren,7
neu-look-fashion,7
lakshita,7
the-pink-moon,7
xpose,7
the-madras-trunk,7
zink-z,7
lilpicks,7
beverly-hills-polo-club,7
wild-stone,7
divyank,7
the-nks-plus,7
my-little-lambs,7
regal,7
ruhaans,7
john-pride,7
missguided,7
allen-cooper,7
cavio,7
adwitiya-collection,7
dream-weaverz,7
belle-fille,7
dodo--moa,7
vaaba,7
selvia,7
khadio,7
neudis,7
pink-plums,7
ajanta,7
four-star-truck-sales,7
mr-button,7
c9-airwear,7
dollar,7
reebok-classic,7
c2p-professional-makeup,7
sabhyata,7
apratim,7
kook-n-keech-disney,7
clasiko,7
esprit,7
extrimos,7
tinyo,7
clarks,7
dixcy-scott,7
killer,7
accessher,7
swarovski,7
i-like-me,7
breakbounce,7
joy,7
desi-weavess,7
woods,7
daniel-wellington,7
nfi-essentials,7
ira-soleil,7
flying-berry,7
charm-n-cherish,7
pipa-bella,7
98-degree-north,7
dennis-lingo,7
sonari,7
wisstler,7
quiero,7
indibelle,7
panchhi,7
masaba,7
ojjasvi,7
freecultr,6
prag--co,6
sugr,6
baby-go,6
columbia,6
marvel,6
chromozome,6
uptownie-lite,6
urban-space,6
mabish-by-sonal-jain,6
aerohaven,6
pink-chick,6
boldfit,6
hirolas,6
polonium,6
nynsh,6
grancy,6
imfashini,6
scentra,6
vareesha,6
vembley,6
indi-inside,6
colour-me-by-melange,6
vedix,6
aawari,6
chimpaaanzee,6
furryflair,6
prolific,6
slumber-jill,6
man-matters,6
bullmer,6
gulmohar-jaipur,6
joe-hazel,6
cat,6
abelino,6
home-ecstasy,6
artengo-by-decathlon,6
michael-kors,6
vega,6
office--you,6
linen-club,6
fabseasons,6
mars,6
itse,6
new-balance,6
see-designs,6
winered,6
orchid-blues,6
sg-rajasahab,6
coastland,6
code-61,6
pelle-albero,6
scuderia-ferrari,6
octave,6
trase,6
rajnandini,6
the-man-company,6
juneberry,6
vimal-jonney,6
clay-craft,6
vayonaa,6
gear,6
apsis,6
eego-italy,6
justice,6
panahi,6
espresso,6
club-york,6
walkfree,6
silk-land,6
jaguar,6
toy-balloon-kids,6
zastraa,6
fashionrack,6
sakhi-jaipur,6
soie,6
the-million-club,6
armaf,6
lounge-dreams,6
zouk,6
organic-harvest,6
zeneme,6
perfkt-u,6
the-kaatn-trail,6
cartoon-network-by-dressberry,6
kook-n-keech-marvel-teens,6
pannkh,6
la-aimee,6
biotique,6
znx-clothing,6
polo-class,6
mirari,6
cerruti-1881,6
alvaro-castagnino,5
neva,5
seerat,5
iqraar,5
raine-and-jaine,5
mokshi,5
bstories,5
sej-by-nisha-gupta,5
desi-colour,5
mango-kids,5
v2-value--variety,5
bella-true,5
kiddopanti,5
longwalk,5
khushal-k,5
homegrown,5
police,5
naari,5
the-moms-co,5
azira,5
boyz-n-galz,5
bonjour,5
magic-colour,5
molcha,5
lychee-bags,5
femella,5
sko,5
yellow-bee,5
calvin-klein-underwear,5
gnist,5
drape-in-vogue,5
dollar-missy,5
buckleup,5
try-me,5
saanjh,5
miss-claire,5
gipsy,5
flaher,5
toteteca,5
saadgi,5
vento,5
sugathari,5
vastramay-plus,5
makeup-revolution-london,5
house-of-quirk,5
joker--witch,5
golden-peacock,5
austin-wood,5
urban-dog,5
quarantine,5
magre,5
woowzerz,5
creeva,5
mackly,5
ziva-fashion,5
the-clownfish,5
dailyobjects,5
pause-sport,5
laado---pamper-yourself,5
jbn-creation,5
arise,5
ek,5
imagic,5
inc-5,5
antony-morato,5
griffel,5
iki-chic,5
wet-n-wild,5
kids-ville,5
manzon,5
miss-poem,5
ecraftindia,5
klamotten,5
glam-roots,5
anna-creations,5
cl-sport,5
adiva,5
wishful,5
matinique,5
lindbergh,5
weinbrenner,5
aadita,5
ferosh,5
daily-life-forever52,5
gubb,5
manthan,5
beardo,5
boat,5
peter-jones-eyewear,5
shuz-touch,5
fabnest,5
amster,5
srey-trends,5
louis-philippe-athplay,5
lady-lyka,5
eske,5
philips,5
aayna,5
kipsta-by-decathlon,5
poshak-hub,5
moms-love,5
aujjessa,5
mulmul-by-arabella,5
ad-by-arvind,5
fort-collins,5
rdk,5
plaeto,5
senyora,5
nyamba-by-decathlon,5
rg-designers,5
ipanema,5
geox,5
lomani,5
kajaru,5
kanvin,4
jazzy-juniors,4
fitflop,4
saree-swarg,4
tabard,4
pacific-gold,4
voi-jeans,4
latin-quarters,4
goji,4
wahl,4
parx,4
ted-smith,4
parkha,4
david-beckham,4
cation,4
satyam-weaves,4
ustraa,4
luni,4
brachy,4
metal,4
xin,4
femea,4
the-mini-needle,4
lafille,4
kiana,4
justpeachy,4
bvlgari,4
zanibo,4
saka-designs,4
you-forever,4
wild--free,4
exotic,4
voylla,4
warthy-ent,4
juice,4
merche,4
oxemberg,4
leading-lady,4
miarcus,4
renee,4
sasimo,4
women-touch,4
buy-new-trend,4
slenor,4
kay-dee,4
lemon--pepper,4
rinascimento,4
toothless,4
diwaah,4
hello-design,4
just-herbs,4
broowl,4
n2s-next2skin,4
secrets-by-zerokaata,4
meeranshi,4
digital-dress-room,4
adamson,4
calfnero,4
bugatti,4
gibelle,4
innocence,4
chitwan-mohan,4
salona-bichona,4
davinchi,4
prenea,4
the-derma-co,4
saral-home,4
english-navy,4
nynsh--pluss-kids,4
sf-jeans-by-pantaloons,4
armisto,4
exim-decor,4
yk-marvel,4
singni,4
nabia,4
karatcart,4
pistaa,4
vero-moda-ease,4
indian-virasat,4
ruosh,4
good-vibes,4
gant,4
nejo,4
bruno-manetti,4
manq-casual,4
mimosa,4
neobaby,4
shining-diva,4
aaruvi-ruchi-verma,4
kidling,4
puma-hoops,4
kaezri,4
desi-mix,4
legal-bribe,4
looknbook-art,4
white-heart,4
carolina-herrera,4
nifty,4
innisfree,4
malhaar,4
ucla,4
tankhi,4
t-base,4
underjeans-by-spykar,4
marzeni,4
redround,4
cremlin-clothing,4
zheia,4
activ,4
swishchick,4
eimoie,4
tulsattva,4
unaone,4
vami,4
brinns,4
american-crew,4
parachute,4
mkh,4
yovish,4
purvaja,4
arrow-new-york,4
purple-state,4
peppermint,4
sapatos,4
ferraiolo,4
invictus-indoor,4
diego-dalla-palma-milano,4
studio-rasa,4
hosta-homes,4
colorbar,4
jb-studio,4
sdl-by-sweet-dreams,4
sitaram-designer,4
havells,4
cukoo,4
dealseven-fashion,4
jove,4
nochee-vida,4
lilly--sparkle,4
bonkids,4
kriatma,4
earthen-by-indya,4
ellementry,4
offira-tex-world,4
jewels-galaxy,4
popwings,4
shopgarb,4
bad-habit,4
anaisa,4
timberwood,4
impulse,4
favoroski,4
pinksky,4
kraft-india,3
fitinc,3
laneige,3
north-star,3
mvmt,3
poonam-designer,3
khadi-natural,3
love-earth,3
fourfolds,3
shaya,3
dollar-bigboss,3
tayhaa,3
o3,3
snitch,3
shewill,3
zebba,3
999store,3
fresh-from-loom,3
silvermerc-designs,3
the-artment,3
goldnera,3
heelium,3
fabric-fitoor,3
magnus,3
urbano-plus,3
handicraft-palace,3
wishcare,3
paragon,3
fine-wear,3
aquastreet,3
dechen,3
7threads,3
tnw-the-natural-wash,3
molly--michel,3
olaian-by-decathlon,3
moedbuille,3
kisah-plus,3
obsessions,3
shining-diva-fashion,3
floyd,3
sindhu-herbals,3
cherokee,3
h3f,3
the-house-of-tara,3
fitkin,3
the-face-shop,3
sirikit,3
versace,3
coucou-by-zivame,3
solethreads,3
rapawalk,3
wild-west,3
earnshaw,3
waimea,3
curvy-love,3
sayesha,3
naturenova-herbals,3
k-london,3
kord-store,3
nestroots,3
masstani-by-inddus,3
yk-justice-league,3
rosara-home,3
juniors-by-lifestyle,3
champs,3
bobbi-brown,3
silai-bunai,3
classic-mosquito-net,3
chiu,3
pure-home-and-living,3
fbella,3
style-shoes,3
sxf-speed-x-fashion,3
birkenstock,3
paris-hamilton,3
balenzia,3
hamt,3
ethnic-junction,3
trunkit,3
n-plus-professional,3
servewell,3
wrangler,3
the-desi-dulhan,3
priviu,3
nandika-beauty,3
via-tokyo-organic,3
abys,3
xl-love-by-janasya,3
mboss,3
emporio-armani,3
aadi,3
jaipuri-bunaai,3
mom-for-sure-by-ketki-dalal,3
mivi,3
wyre,3
johns,3
neemans,3
globon-impex,3
engage,3
laya,3
royal-son,3
vendoz,3
minimalist,3
indietoga,3
vegetal,3
kiddeo,3
sole-to-soul,3
dixcy-scott-maximus,3
sebamed,3
zebronics,3
secret-wish,3
montrez,3
crafiqa,3
skmei,3
saffron-threads,3
rindas,3
ed-hardy,3
darzi,3
ortange,3
the-chennai-silks,3
newfeel-by-decathlon,3
stalk,3
zeel,3
mona-b,3
hydes-n-hues,3
manu,3
shaily,3
unisets,3
absolutee-shoes,3
yoonoy,3
belliskey,3
athom-trendz,3
souchii,3
emprall,3
paralians,3
madame-m-secret,3
aj-dezines,3
miah-decor,3
loom-legacy,3
rain--rainbow,3
lady-love,3
av2,3
peora,3
miravan,3
solemio,3
everteen,3
akimia,3
shingora,3
studio-shringaar,3
multitex,3
sringam,3
foga,3
aask,3
kra,3
white-fire,3
joven,3
rica,3
wish-karo,3
prakhya,3
lacylook,3
todd-n-teen,3
studio-voylla,3
ben-sherman,3
lykkein,3
deewa,3
fido-dido,3
man-arden,3
bewitched,3
attiitude,3
austivo,3
nabaiji-by-decathlon,3
suti,3
griiham,3
mark-leute,3
helix,3
jean-cafe,3
devansh,3
ksut,3
harissons,3
houzzcode,3
design-crew,3
palmolive,3
realme,3
mayfair-homes-london,3
soliver,3
tokyo-talkies-x-rubans-fashion-accessories,3
lapis-o-lupo,3
kshitij-jewels,3
desi-beats,3
bypurenaturals,3
atorakushon,3
my-milestones,3
be-awara,3
london-fog,3
kica,3
charu,3
rl-rocklin-men,3
zyla,3
fab-star,3
purple-feather,3
modern-indian-by-chemistry,3
fancy-mart,3
fusion-threads,3
even,3
tormeti,3
nottie-planet,3
mag,3
sanganeri-kurti,3
jfontini,3
gaura-pakhi,3
faballey-curve,3
lazy-shark,3
aristocrat,3
seiko,3
planetinner,3
noise,3
tryst,3
amirtha-fashion,3
neutrogena,3
amzira,3
kook-n-keech-emoji,3
boult-audio,3
menjewell,3
shuddhi,3
cipramo-sports,3
mystic-valley,2
reequil,2
wembley-toys,2
porsorte,2
hi-rels,2
felix,2
carlington,2
ethnic-street,2
kook-n-keech-teens,2
micelo-martin,2
westclo,2
manohari,2
genwayne,2
indulekha,2
ta-chic,2
chennis,2
artspace,2
ardeur,2
just-cavalli,2
blissclub,2
gm,2
chicco,2
vimal,2
be-indi,2
get-wrapped,2
don-vino,2
fogg,2
timesmith,2
brandsoon,2
anahi,2
schwarzkopf-professional,2
vaseline,2
zoro,2
aomi,2
kami-kubi,2
benefit-cosmetics,2
buloo,2
stitchnest,2
muscle-torque,2
h-by-hamleys,2
mathey-tissot,2
maishi,2
thread-stories,2
curare,2
davidoff,2
naturalizer,2
mettle,2
tweens,2
flawless,2
montvitton,2
dreamscape,2
basics,2
lil-tomatoes,2
villain,2
classic-polo,2
crossbeats,2
i-am-for-you,2
footons,2
ethnicity,2
american-bull,2
dresstive,2
saint-g,2
born-babies,2
house-of-kkarma,2
ego,2
alii-and-aliizey,2
aadvika,2
namaskar,2
thomas-scott,2
fabpad,2
crazevilla,2
tiny-girl,2
myglamm,2
lill,2
nap-chief,2
e-go,2
momsoon-maternity,2
n-gal,2
hymt,2
smashbox,2
havida-sarees,2
sindrellastorie,2
women-marks,2
nyassa,2
dollar-socks,2
sew-you-soon,2
smileyworld,2
zevora,2
hrx,2
revlon,2
florence,2
charmacy-milano,2
shubhkala,2
lavie-sport,2
kredo,2
core-designed-by-spaces,2
blacksmith,2
rang-gali,2
fcuk,2
lotus-herbals,2
adbucks,2
curren,2
knitting-doodles,2
instafab-plus,2
zebu,2
belleziya,2
purys,2
mikoto-by-fablestreet,2
hundo-p,2
masha,2
aramusk,2
jaipur-rugs,2
sotrue,2
aldo,2
lick,2
aislin,2
fugazee,2
soratia,2
gvs-shoppe,2
novex,2
envy,2
bella-moda,2
loreal-professionnel,2
tissot,2
the-aab-studio,2
romeing,2
diesel,2
living-roots,2
parfait,2
sohi,2
la-colors,2
lagashi,2
jaipur-fabric,2
dollar-ultra,2
tom-burg,2
betty,2
satrani,2
linen-club-woman,2
scarters,2
safari,2
kesarya,2
bene-kleed,2
imyoung,2
weavers-villa,2
vismiintrend,2
superdry,2
prettyplus-by-desinoorcom,2
catwalk,2
rapidbox,2
ives,2
bani-women,2
next-one,2
tag-7-plus,2
random,2
me-on,2
plagg,2
hangup-trend,2
skinn,2
vedana,2
kaifoo,2
appitite,2
awesome,2
belwaba,2
rangoli,2
akiso,2
rudraksh,2
allure,2
vogue-panash,2
skullcandy,2
calvin-klein-jeans,2
doubleu,2
vilam,2
manq,2
iris,2
solognac-by-decathlon,2
femme-luxe,2
vebnor,2
artklim,2
flamboyant,2
nutriglow-advanced-organics,2
seven-by-ms-dhoni,2
home-affairs,2
wallmantra,2
speedo,2
black-coffee,2
biglilpeople,2
trundz,2
akshatani,2
zeki,2
portblair,2
denver,2
cayman,2
mumkins,2
salvatore-ferragamo,2
shinoy,2
arata,2
effy,2
kelesta,2
aprique-fab,2
creature,2
rage-enterprise,2
broadstar,2
masq,2
sanskrutihomes,2
span,2
cenwell,2
budding-bees,2
fuaark,2
diva-walk-exclusive,2
wonder-woman,2
feetwell-shoes,2
feranoid,2
paco-rabanne,2
laceandme,2
nasher-miles,2
maashie,2
yk-baby,2
rajubhai-hargovindas,2
yeros,2
mugler,2
aryanveda,2
passion-indulge,2
fitspark,2
vandnam-fabrics,2
abros,2
celena-cole,2
macmerise,2
bummer,2
nun,2
dove,2
anwaind,2
passion-petals,2
oomph,2
kinsey,2
jisora,2
bavaria,2
lushomes,2
beebay,2
carriall,2
anikas-creation,2
fly-fashion,2
heemara,2
bagsy-malone,2
cartago,2
indian-epic,2
varkala-silk-sarees,2
cristiano-ronaldo,2
fabriko,2
vi-john,2
rubans-luxury,2
toonyport,2
beaucode-biocare,2
g-and-m-australian-creams,2
bblunt,2
minions-by-kook-n-keech-teens,2
divastri,2
crayonflakes,2
v8-by-ruosh,2
yellow-parrot,2
bowtoes,2
monjolika-fashion,2
luyk,2
donuts,2
studioactiv,2
dart-studio,2
von-wellx-germany,2
metronaut,2
unistar,2
estatos,2
skagen,2
one-femme,2
woonie,2
vartah,2
jbl,2
sg-leman,2
the-white-ink-decor,2
draax-fashions,2
marcia,2
etiquette,2
pierre-carlo,2
mai-soli,2
st-ives,2
swadesi-stuff,2
mish,2
swayam,2
cross,2
wild-west-plus,2
swasti,2
mocemsa,2
justanned,2
the-sleep-company,2
criba,2
inner-sense,2
sg-yuvraj,2
braun,2
soundarya,2
blush-9-maternity,2
brauch,2
am-ma,2
sirona,2
gkidz,2
swiss-eagle,2
looney-tunes-by-dressberry,2
vastraa-fusion,2
blinkin,2
urbangabru,2
peter-england-university,2
adidas-originals,2
aditi-wasan,2
french-flexious,2
kaya-skin-clinic,2
nehamta,2
stybuzz,2
tagg,2
rex-straut-jeans,2
ishhaara,2
stropcarry,2
earth-rhythm,2
emeros,2
thread-muster,2
contacts,2
dear-to-dad,2
leather-world,2
door74,2
colt,2
a-little-fable,2
portronics,2
bombay-shaving-company,2
limestone,2
sangam-prints,2
rangmayee,2
pankvi,2
opium,2
nutriglow,2
himalaya,2
yuvraah,2
39-threads,2
sioris,2
steenbok,2
zima-leto,2
kleio,2
fever,2
ms-retail,1
dermawear,1
lovista,1
om-sai-latest-creation,1
joseph-joseph,1
morris-klein,1
aria-nica,1
tac---the-ayurveda-co,1
ariane,1
yelloe,1
foamzo,1
spangle,1
one-sec-beauty,1
rivi,1
blanc9,1
savage,1
bownbee,1
musclexp,1
myy,1
groversons-paris-beauty,1
minutiae,1
everdion,1
michael-angelo,1
pink-woolf,1
cushybee,1
deconstruct,1
safaa,1
4711,1
fluid,1
jerfsports,1
kook-n-keech-disney-teens,1
pneha,1
elinor,1
eyecojic,1
minora,1
swiss-brand,1
talia,1
harbornbay,1
biolage,1
awadhi,1
basiics-by-la-intimo,1
kanvas,1
milano-torre,1
nair,1
fida,1
piroh,1
mirchi-fashion,1
borosil,1
skybags,1
sam-and-jack,1
bromwick,1
do-dhaage,1
diana-korr,1
padvesh,1
evolove,1
blue-heaven,1
luke--lilly,1
gabicci,1
delixirs,1
everly,1
conscious-chemist,1
boroplus,1
gespo,1
beyound-size---the-dry-state,1
roly-poly,1
bella-vita-organic,1
rosso-brunello,1
vairagee,1
nova,1
soumya,1
ps-by-paul-smith,1
evaflor,1
maand,1
footilicious,1
vero-moda-curve,1
blue-giraffe,1
bodycare,1
stylemyway,1
pinkville-jaipur,1
enchanted-drapes,1
actuel,1
threeness,1
the-wishing-chair,1
swatch,1
jimmy-choo,1
qomn,1
vei-sastre,1
fashimo,1
one8,1
ada,1
my-gift-booth,1
harrytech-london,1
foolzy,1
scoup,1
urban-alfami,1
titliyan,1
atsevam,1
sanfe,1
adeesha,1
plum-tree,1
ku,1
juliet,1
color-cocktail,1
scaglia,1
turtle,1
jokatoo,1
urbano-juniors,1
giorgio-armani,1
miss-nails,1
azzaro,1
tao-paris,1
sports52-wear,1
bioderma,1
alan-jones,1
awesomeskin-science,1
meemee,1
estee-lauder,1
louis-caron,1
wolfpack,1
lacoste,1
smugglerz-inc,1
parafeet,1
dugristyle,1
softrose,1
dettol,1
hiphop-skincare,1
beplain,1
tossido,1
prettybold,1
binnis-wardrobe,1
ventoland,1
sugarush,1
amiras-indian-ethnic-wear,1
yogue-activewear,1
gajraj,1
grolet,1
truke,1
luvoksi,1
zelocity-by-zivame,1
vividartsy,1
the-silhouette-store,1
arhi,1
the-decor-mart,1
vstar,1
martini,1
forca,1
cole-haan,1
mildcares,1
notty-boy,1
roadster-fast-and-furious,1
imli-street,1
birthday-girl,1
bruchi-club,1
fast-trax,1
mode-de-base,1
yves-rocher,1
jatriqq,1
ojas-designs,1
fabglobal,1
biore,1
kotty,1
freeco,1
lastinch,1
mameraa,1
fashion-depth,1
vrsales,1
little-bansi,1
mafadeny,1
united-liberty,1
ganuchi,1
bharatsthali,1
fab-dadu,1
agil-athletica,1
indyes,1
the-yellow-dwelling,1
cobb,1
house-of-jammies,1
shences,1
pepe,1
raassio,1
libas-kids,1
rikidoos,1
lovely-lady,1
kook-n-keech-looney-tunes-teens,1
picot,1
barara-ethnic,1
craftvatika,1
navyasa,1
sage-apothecary,1
vastramay-sishu,1
raas,1
rubix-home,1
showoff-plus,1
elleven,1
ulric-de-varens,1
layers,1
justice-league,1
ceriz,1
little-county,1
unmade,1
charchit,1
jean-paul-gaultier,1
vm,1
lotto,1
unravel-india,1
happy-khajana,1
kinder-kids,1
mf,1
lewawaa,1
upakarma,1
havaianas,1
idalia,1
avi-living,1
green-girgit,1
aasi---house-of-nayo,1
rey-naturals,1
magic-needles,1
royal-enfield,1
divination,1
lush--beyond,1
kid1,1
shashvi,1
canary-london,1
siril,1
softio,1
global-beauty-secrets,1
mash-unlimited,1
essenza-di-wills,1
softsens,1
india-circus,1
gallus,1
otorva,1
abena,1
junk-de-luxe,1
proyog,1
juniors,1
armaan-ethnic,1
tarama,1
roving-mode,1
wuxi,1
pure-sense,1
lenphor,1
presto,1
shirt-theory,1
tuskey,1
mascln-sassafras,1
queue,1
stupid-cupid,1
nuluv,1
misto,1
jaipur-morni,1
hileder,1
milani,1
funku-fashion,1
hammer-home,1
paramount-chikan,1
urgear,1
sidrock,1
raghav,1
india-circus-by-krsnaa-mehta,1
fiama,1
madsto,1
pure-papayacare,1
proline,1
castle,1
game-begins,1
neoz,1
cute-lemons,1
vsquared2,1
minions-by-kook-n-keech,1
dolce--gabbana,1
shavya,1
rozia,1
cdi,1
yk-organic,1
ibso,1
cloth-haus-india,1
june--harry,1
imur,1
win9,1
almo-wear,1
ray-ban,1
khadi-mauri-herbal,1
curvezi-by-ziyaa,1
ktein,1
many-frocks-,1
ps-pret-by-payal-singhal,1
doriya,1
genius,1
urban-dream,1
mafe,1
hill-street,1
chutput,1
home-sparkle,1
loccitane-en-provence,1
cosrx,1
madhuram,1
american-elm,1
mpl-sports,1
stoa-paris,1
hugo-boss,1
gulaab-jaipur,1
j-turritopsis,1
market99,1
ourdve,1
cinocci,1
taneira,1
amoliconcepts,1
poplins,1
mamma-presto,1
hasten,1
anokherang,1
doro,1
kydzi,1
vitro,1
ultra,1
fusion-beats,1
rustorange,1
j-hampstead,1
sini-mini,1
marc-louis,1
oddcroft,1
kaltheos,1
nitvan,1
zigo,1
bonzeal,1
cloak--decker-by-monte-carlo,1
kook-n-keech-batman,1
chupps,1
egle,1
cosa-nostraa,1
indethnic,1
perfly-by-decathlon,1
inocencia,1
gallery99,1
relish,1
dkny,1
ramas,1
styl-co,1
jaipur-attire,1
disney-by-wear-your-mind,1
silvertraq,1
kook-n-keech-toons,1
jewels-gehna,1
wear-your-mind,1
chimprala,1
bange,1
sherrif-shoes,1
nds-niharikaa-designer-studio,1
house-of-jutti,1
maaesa,1
disney-by-dressberry,1
regal-essence,1
tic-tac-toe,1
metro-kids-company,1
hf-journey,1
copperline,1
pinwheel,1
r-dezino,1
motogp,1
miss--chief,1
la-intimo,1
campana,1
dyca,1
prolixr,1
secret-temptation,1
westwood,1
be-bodywise,1
bella-casa,1
immri,1
james-bond,1
tattva,1
flatheads,1
delan,1
elixir-man,1
ronzille,1
you-got-plan-b,1
royal-mirage,1
fluffalump,1
adorenite,1
moms-home,1
centrestage,1
chini-c,1
nauti-kidz,1
escobar,1
slickfix,1
ethnic-basket,1
powerpuff-girls-by-kook-n-keech-teens,1
babymoon,1
katn-india,1
swiss-republic,1
jewelz,1
kara,1
piccolo,1
greciilooks,1
cai,1
ralph-lauren,1
garnier,1
richard-parker-by-pantaloons,1
ashnaina,1
fire-boltt,1
deyann-plus,1
indiyung,1
body-cupid,1
tiber-taber,1
hangup-plus,1
tulip-21,1
ariana,1
dot--key,1
kehairtherapy,1
pure-decor,1
syska,1
chocozone,1
lecalla,1
inesis-by-decathlon,1
globally-indian,1
fashionuma,1
ny-bae,1
runwayin,1
force-10,1
incolor,1
khadi-essentials,1
appulse,1
walrus,1
imt,1
hiara-jewels,1
gosriki,1
skirans,1
boxer,1
dazzle,1
shffl,1
berrylush-curve,1
exclusiva,1
butipure,1
plutus,1
roxx,1
yoho,1
vaya,1
baby-moo,1
american-archer,1
a-homes-grace,1
spinz,1
imperative,1
besafe-forever,1
careplus,1
soultree,1
vaghbhatt,1
matrix,1
milton,1
welcome,1
ambraee,1
essentia-extracts,1
inatur,1
jansi,1
perfumers-club,1
priya-naturals,1
olay,1
momin-libas,1
living-scapes-by-pantaloons,1
tom-ford,1
kbz,1
tissu,1
privo,1
navysport,1
silk-bazar,1
varde,1
bellissa,1
footsoul,1
juniper-plus,1
ikin,1
ix-impression,1
elle-18,1
s9home-by-seasons,1
vogard,1
vaividhyam,1
pmd-fashion,1
young,1
livon,1
fabpixel,1
lovegen,1
viv,1
indica,1
kenneth-cole,1
beaute-secrets,1
dyson,1
welspun,1
dekorly,1
tiara,1
anastasia-beverly-hills,1
mbe,1
cotn-soft,1
disney,1
fashion-dwar,1
the-art-house,1
shubhvastra,1
amrutam-fab,1
rajgranth,1
kook-n-keech-superman,1
honeybud,1
playboy,1
paulas-choice,1
d1-milano,1
oxyglow,1
rare-roots,1
